{"fridge_1": 54.242927756653991, "washer dryer_1": 22.071126425855514, "kitchen outlets_2": 29.023764258555133, "kitchen outlets_3": 5.3056077709125473, "hob_1": 0.13866325117336026, "kitchen outlets_1": 21.262307509505703, "oven_1": 9.1898776140684415, "microwave_1": 27.826884505703422, "kitchen outlets_4": 3.2023354325095057, "dishwasher_1": 24.274560361216729, "space heater_1": 0.15786827174429657, "bathroom misc_1": 7.3195716492395437, "lighting_3": 13.632855275665399, "lighting_2": 20.489001901140686, "lighting_1": 43.010152091254753}